{
    "c_puda": [
        {
            "Kultura": "orn\u00e1 p\u016fda",
            "Druh_pudy": "A",
            "PH_prum": "5.8",
            "PH_min": "3.6",
            "PH_max": "7.9",
            "PH_opt": "6.85",
            "COX_prum": "1.68",
            "COX_min": "0.35",
            "COX_max": "4.43",
            "COX_opt": "3.055",
            "CA_prum": "2118.1",
            "CA_min": "60",
            "CA_max": "55400",
            "CA_opt": "28759.05",
            "K_prum": "233.9",
            "K_min": "20",
            "K_max": "2430",
            "K_opt": "1331.95",
            "MG_prum": "157.7",
            "MG_min": "13",
            "MG_max": "2500",
            "MG_opt": "1328.85",
            "P_prum": "113.9",
            "P_min": "3.5",
            "P_max": "2602",
            "P_opt": "1357.95"
        },
        {
            "Kultura": "orn\u00e1 p\u016fda",
            "Druh_pudy": "B",
            "PH_prum": "6.1",
            "PH_min": "2.9",
            "PH_max": "8.3",
            "PH_opt": "7.2",
            "COX_prum": "1.5",
            "COX_min": "0",
            "COX_max": "5.05",
            "COX_opt": "3.275",
            "CA_prum": "2877.6",
            "CA_min": "74",
            "CA_max": "67900",
            "CA_opt": "35388.8",
            "K_prum": "249.1",
            "K_min": "20",
            "K_max": "6800",
            "K_opt": "3524.55",
            "MG_prum": "193.5",
            "MG_min": "10",
            "MG_max": "2500",
            "MG_opt": "1346.75",
            "P_prum": "89.2",
            "P_min": "3.5",
            "P_max": "8397",
            "P_opt": "4243.1"
        },
        {
            "Kultura": "orn\u00e1 p\u016fda",
            "Druh_pudy": "C",
            "PH_prum": "6.3",
            "PH_min": "3.1",
            "PH_max": "8.3",
            "PH_opt": "7.3",
            "COX_prum": "1.76",
            "COX_min": "0.35",
            "COX_max": "4.9",
            "COX_opt": "3.33",
            "CA_prum": "4112.7",
            "CA_min": "60",
            "CA_max": "75000",
            "CA_opt": "39556.35",
            "K_prum": "290.9",
            "K_min": "30",
            "K_max": "3220",
            "K_opt": "1755.45",
            "MG_prum": "239.7",
            "MG_min": "13",
            "MG_max": "5310",
            "MG_opt": "2774.85",
            "P_prum": "78.7",
            "P_min": "0",
            "P_max": "3076",
            "P_opt": "1577.35"
        },
        {
            "Kultura": "orn\u00e1 p\u016fda",
            "Druh_pudy": "D",
            "PH_prum": "6.3",
            "PH_min": "3.1",
            "PH_max": "8.3",
            "PH_opt": "7.3",
            "COX_prum": "1.76",
            "COX_min": "0.35",
            "COX_max": "4.9",
            "COX_opt": "3.33",
            "CA_prum": "4112.7",
            "CA_min": "60",
            "CA_max": "75000",
            "CA_opt": "39556.35",
            "K_prum": "290.9",
            "K_min": "30",
            "K_max": "3220",
            "K_opt": "1755.45",
            "MG_prum": "239.7",
            "MG_min": "13",
            "MG_max": "5310",
            "MG_opt": "2774.85",
            "P_prum": "78.7",
            "P_min": "0",
            "P_max": "3076",
            "P_opt": "1577.35"
        },
        {
            "Kultura": "orn\u00e1 p\u016fda",
            "Druh_pudy": "E",
            "PH_prum": "6.1",
            "PH_min": "2.9",
            "PH_max": "8.3",
            "PH_opt": "7.2",
            "COX_prum": "1.55",
            "COX_min": "0",
            "COX_max": "5.05",
            "COX_opt": "3.3",
            "CA_prum": "3000.4",
            "CA_min": "60",
            "CA_max": "75000",
            "CA_opt": "39000.2",
            "K_prum": "254.4",
            "K_min": "20",
            "K_max": "6800",
            "K_opt": "3527.2",
            "MG_prum": "196.8",
            "MG_min": "10",
            "MG_max": "5310",
            "MG_opt": "2753.4",
            "P_prum": "90.8",
            "P_min": "0",
            "P_max": "8397",
            "P_opt": "4243.9"
        },
        {
            "Kultura": "chmelnice",
            "Druh_pudy": "A",
            "PH_prum": "6.4",
            "PH_min": "4.6",
            "PH_max": "7.6",
            "PH_opt": "7",
            "COX_prum": "1.52",
            "COX_min": "1.08",
            "COX_max": "1.98",
            "COX_opt": "1.75",
            "CA_prum": "3027.3",
            "CA_min": "1160",
            "CA_max": "10400",
            "CA_opt": "6713.65",
            "K_prum": "421.6",
            "K_min": "96",
            "K_max": "1200",
            "K_opt": "810.8",
            "MG_prum": "267.3",
            "MG_min": "95",
            "MG_max": "489",
            "MG_opt": "378.15",
            "P_prum": "301.8",
            "P_min": "48",
            "P_max": "735",
            "P_opt": "518.4"
        },
        {
            "Kultura": "chmelnice",
            "Druh_pudy": "B",
            "PH_prum": "6.3",
            "PH_min": "3.7",
            "PH_max": "7.7",
            "PH_opt": "7",
            "COX_prum": "1.5",
            "COX_min": "0.39",
            "COX_max": "2.57",
            "COX_opt": "2.035",
            "CA_prum": "3577.3",
            "CA_min": "787",
            "CA_max": "27000",
            "CA_opt": "15288.65",
            "K_prum": "470.5",
            "K_min": "96",
            "K_max": "2010",
            "K_opt": "1240.25",
            "MG_prum": "311.9",
            "MG_min": "26",
            "MG_max": "1130",
            "MG_opt": "720.95",
            "P_prum": "305.9",
            "P_min": "6",
            "P_max": "1125",
            "P_opt": "715.45"
        },
        {
            "Kultura": "chmelnice",
            "Druh_pudy": "C",
            "PH_prum": "6.5",
            "PH_min": "4.7",
            "PH_max": "7.6",
            "PH_opt": "7.05",
            "COX_prum": "1.43",
            "COX_min": "1.3",
            "COX_max": "1.48",
            "COX_opt": "1.455",
            "CA_prum": "3983.7",
            "CA_min": "776",
            "CA_max": "12700",
            "CA_opt": "8341.85",
            "K_prum": "514.1",
            "K_min": "135",
            "K_max": "1460",
            "K_opt": "987.05",
            "MG_prum": "362.9",
            "MG_min": "87",
            "MG_max": "918",
            "MG_opt": "640.45",
            "P_prum": "284.4",
            "P_min": "34",
            "P_max": "844",
            "P_opt": "564.2"
        },
        {
            "Kultura": "chmelnice",
            "Druh_pudy": "D",
            "PH_prum": "6.5",
            "PH_min": "4.7",
            "PH_max": "7.6",
            "PH_opt": "7.05",
            "COX_prum": "1.43",
            "COX_min": "1.3",
            "COX_max": "1.48",
            "COX_opt": "1.455",
            "CA_prum": "3983.7",
            "CA_min": "776",
            "CA_max": "12700",
            "CA_opt": "8341.85",
            "K_prum": "514.1",
            "K_min": "135",
            "K_max": "1460",
            "K_opt": "987.05",
            "MG_prum": "362.9",
            "MG_min": "87",
            "MG_max": "918",
            "MG_opt": "640.45",
            "P_prum": "284.4",
            "P_min": "34",
            "P_max": "844",
            "P_opt": "564.2"
        },
        {
            "Kultura": "chmelnice",
            "Druh_pudy": "E",
            "PH_prum": "6.3",
            "PH_min": "3.7",
            "PH_max": "7.7",
            "PH_opt": "7",
            "COX_prum": "1.5",
            "COX_min": "0.39",
            "COX_max": "2.57",
            "COX_opt": "2.035",
            "CA_prum": "3599.6",
            "CA_min": "776",
            "CA_max": "27000",
            "CA_opt": "15299.8",
            "K_prum": "472.8",
            "K_min": "96",
            "K_max": "2010",
            "K_opt": "1241.4",
            "MG_prum": "315.6",
            "MG_min": "26",
            "MG_max": "1130",
            "MG_opt": "722.8",
            "P_prum": "303.4",
            "P_min": "6",
            "P_max": "1125",
            "P_opt": "714.2"
        },
        {
            "Kultura": "vinice",
            "Druh_pudy": "A",
            "PH_prum": "7",
            "PH_min": "4.1",
            "PH_max": "7.8",
            "PH_opt": "7.4",
            "COX_prum": "1.47",
            "COX_min": "0.99",
            "COX_max": "2.31",
            "COX_opt": "1.89",
            "CA_prum": "6194.8",
            "CA_min": "338",
            "CA_max": "62400",
            "CA_opt": "34297.4",
            "K_prum": "279.5",
            "K_min": "41",
            "K_max": "959",
            "K_opt": "619.25",
            "MG_prum": "262.4",
            "MG_min": "25",
            "MG_max": "1290",
            "MG_opt": "776.2",
            "P_prum": "109.2",
            "P_min": "3.5",
            "P_max": "670",
            "P_opt": "389.6"
        },
        {
            "Kultura": "vinice",
            "Druh_pudy": "B",
            "PH_prum": "7.3",
            "PH_min": "4.1",
            "PH_max": "8",
            "PH_opt": "7.65",
            "COX_prum": "1.59",
            "COX_min": "0.35",
            "COX_max": "2.66",
            "COX_opt": "2.125",
            "CA_prum": "8658.8",
            "CA_min": "263",
            "CA_max": "91100",
            "CA_opt": "49879.4",
            "K_prum": "297.2",
            "K_min": "27",
            "K_max": "1760",
            "K_opt": "1028.6",
            "MG_prum": "352",
            "MG_min": "31",
            "MG_max": "2320",
            "MG_opt": "1336",
            "P_prum": "90.4",
            "P_min": "3.5",
            "P_max": "1743",
            "P_opt": "916.7"
        },
        {
            "Kultura": "vinice",
            "Druh_pudy": "C",
            "PH_prum": "7.3",
            "PH_min": "4.4",
            "PH_max": "7.9",
            "PH_opt": "7.6",
            "COX_prum": "2.1",
            "COX_min": "1.17",
            "COX_max": "2.28",
            "COX_opt": "2.19",
            "CA_prum": "9560.6",
            "CA_min": "308",
            "CA_max": "55500",
            "CA_opt": "32530.3",
            "K_prum": "313.4",
            "K_min": "47",
            "K_max": "1410",
            "K_opt": "861.7",
            "MG_prum": "367.2",
            "MG_min": "36",
            "MG_max": "1550",
            "MG_opt": "958.6",
            "P_prum": "73.9",
            "P_min": "3.5",
            "P_max": "1226",
            "P_opt": "649.95"
        },
        {
            "Kultura": "vinice",
            "Druh_pudy": "D",
            "PH_prum": "7.3",
            "PH_min": "4.4",
            "PH_max": "7.9",
            "PH_opt": "7.6",
            "COX_prum": "2.1",
            "COX_min": "1.17",
            "COX_max": "2.28",
            "COX_opt": "2.19",
            "CA_prum": "9560.6",
            "CA_min": "308",
            "CA_max": "55500",
            "CA_opt": "32530.3",
            "K_prum": "313.4",
            "K_min": "47",
            "K_max": "1410",
            "K_opt": "861.7",
            "MG_prum": "367.2",
            "MG_min": "36",
            "MG_max": "1550",
            "MG_opt": "958.6",
            "P_prum": "73.9",
            "P_min": "3.5",
            "P_max": "1226",
            "P_opt": "649.95"
        },
        {
            "Kultura": "vinice",
            "Druh_pudy": "E",
            "PH_prum": "7.2",
            "PH_min": "4.1",
            "PH_max": "8",
            "PH_opt": "7.6",
            "COX_prum": "1.58",
            "COX_min": "0.35",
            "COX_max": "2.66",
            "COX_opt": "2.12",
            "CA_prum": "8517.1",
            "CA_min": "263",
            "CA_max": "91100",
            "CA_opt": "49808.55",
            "K_prum": "299",
            "K_min": "27",
            "K_max": "1760",
            "K_opt": "1029.5",
            "MG_prum": "342.3",
            "MG_min": "25",
            "MG_max": "2320",
            "MG_opt": "1331.15",
            "P_prum": "91.8",
            "P_min": "3.5",
            "P_max": "1743",
            "P_opt": "917.4"
        },
        {
            "Kultura": "ovocn\u00fd sad",
            "Druh_pudy": "A",
            "PH_prum": "6.2",
            "PH_min": "4.1",
            "PH_max": "7.6",
            "PH_opt": "6.9",
            "COX_prum": "1.26",
            "COX_min": "0.75",
            "COX_max": "2.44",
            "COX_opt": "1.85",
            "CA_prum": "3113.4",
            "CA_min": "219",
            "CA_max": "31500",
            "CA_opt": "17306.7",
            "K_prum": "298.3",
            "K_min": "47",
            "K_max": "1840",
            "K_opt": "1069.15",
            "MG_prum": "178.7",
            "MG_min": "29",
            "MG_max": "695",
            "MG_opt": "436.85",
            "P_prum": "121.5",
            "P_min": "13",
            "P_max": "1019",
            "P_opt": "570.25"
        },
        {
            "Kultura": "ovocn\u00fd sad",
            "Druh_pudy": "B",
            "PH_prum": "6.3",
            "PH_min": "3.9",
            "PH_max": "7.8",
            "PH_opt": "7.05",
            "COX_prum": "1.53",
            "COX_min": "0.73",
            "COX_max": "3.35",
            "COX_opt": "2.44",
            "CA_prum": "3557.4",
            "CA_min": "250",
            "CA_max": "41100",
            "CA_opt": "22328.7",
            "K_prum": "341.3",
            "K_min": "53",
            "K_max": "1900",
            "K_opt": "1120.65",
            "MG_prum": "248",
            "MG_min": "31",
            "MG_max": "1510",
            "MG_opt": "879",
            "P_prum": "113.9",
            "P_min": "3.5",
            "P_max": "1328",
            "P_opt": "720.95"
        },
        {
            "Kultura": "ovocn\u00fd sad",
            "Druh_pudy": "C",
            "PH_prum": "6.6",
            "PH_min": "3.7",
            "PH_max": "7.7",
            "PH_opt": "7.15",
            "COX_prum": "1.69",
            "COX_min": "0.92",
            "COX_max": "3.2",
            "COX_opt": "2.445",
            "CA_prum": "5498.9",
            "CA_min": "360",
            "CA_max": "39300",
            "CA_opt": "22399.45",
            "K_prum": "422.6",
            "K_min": "53",
            "K_max": "1310",
            "K_opt": "866.3",
            "MG_prum": "298.7",
            "MG_min": "37",
            "MG_max": "1310",
            "MG_opt": "804.35",
            "P_prum": "111.1",
            "P_min": "3.5",
            "P_max": "514",
            "P_opt": "312.55"
        },
        {
            "Kultura": "ovocn\u00fd sad",
            "Druh_pudy": "D",
            "PH_prum": "6.6",
            "PH_min": "3.7",
            "PH_max": "7.7",
            "PH_opt": "7.15",
            "COX_prum": "1.69",
            "COX_min": "0.92",
            "COX_max": "3.2",
            "COX_opt": "2.445",
            "CA_prum": "5498.9",
            "CA_min": "360",
            "CA_max": "39300",
            "CA_opt": "22399.45",
            "K_prum": "422.6",
            "K_min": "53",
            "K_max": "1310",
            "K_opt": "866.3",
            "MG_prum": "298.7",
            "MG_min": "37",
            "MG_max": "1310",
            "MG_opt": "804.35",
            "P_prum": "111.1",
            "P_min": "3.5",
            "P_max": "514",
            "P_opt": "312.55"
        },
        {
            "Kultura": "ovocn\u00fd sad",
            "Druh_pudy": "E",
            "PH_prum": "6.3",
            "PH_min": "3.7",
            "PH_max": "7.8",
            "PH_opt": "7.05",
            "COX_prum": "1.56",
            "COX_min": "0.73",
            "COX_max": "3.35",
            "COX_opt": "2.455",
            "CA_prum": "3833",
            "CA_min": "219",
            "CA_max": "41100",
            "CA_opt": "22466.5",
            "K_prum": "352",
            "K_min": "47",
            "K_max": "1900",
            "K_opt": "1126",
            "MG_prum": "251.5",
            "MG_min": "29",
            "MG_max": "1510",
            "MG_opt": "880.75",
            "P_prum": "114.5",
            "P_min": "3.5",
            "P_max": "1328",
            "P_opt": "721.25"
        },
        {
            "Kultura": "TTP",
            "Druh_pudy": "A",
            "PH_prum": "5.3",
            "PH_min": "3.8",
            "PH_max": "7.7",
            "PH_opt": "6.5",
            "COX_prum": "1.86",
            "COX_min": "0.45",
            "COX_max": "3.97",
            "COX_opt": "2.915",
            "CA_prum": "1716.9",
            "CA_min": "86",
            "CA_max": "35000",
            "CA_opt": "18358.45",
            "K_prum": "277.4",
            "K_min": "20",
            "K_max": "3550",
            "K_opt": "1913.7",
            "MG_prum": "182",
            "MG_min": "13",
            "MG_max": "3100",
            "MG_opt": "1641",
            "P_prum": "97.7",
            "P_min": "3.5",
            "P_max": "1090",
            "P_opt": "593.85"
        },
        {
            "Kultura": "TTP",
            "Druh_pudy": "B",
            "PH_prum": "5.4",
            "PH_min": "3.4",
            "PH_max": "8.4",
            "PH_opt": "6.9",
            "COX_prum": "2.12",
            "COX_min": "0.35",
            "COX_max": "4.15",
            "COX_opt": "3.135",
            "CA_prum": "2056.7",
            "CA_min": "78",
            "CA_max": "51400",
            "CA_opt": "26728.35",
            "K_prum": "264.1",
            "K_min": "20",
            "K_max": "4360",
            "K_opt": "2312.05",
            "MG_prum": "228.9",
            "MG_min": "10",
            "MG_max": "1940",
            "MG_opt": "1084.45",
            "P_prum": "78.3",
            "P_min": "3",
            "P_max": "2382",
            "P_opt": "1230.15"
        },
        {
            "Kultura": "TTP",
            "Druh_pudy": "C",
            "PH_prum": "5.4",
            "PH_min": "3.9",
            "PH_max": "7.9",
            "PH_opt": "6.65",
            "COX_prum": "2.1",
            "COX_min": "0.76",
            "COX_max": "4.31",
            "COX_opt": "3.205",
            "CA_prum": "2397.5",
            "CA_min": "116",
            "CA_max": "38500",
            "CA_opt": "20448.75",
            "K_prum": "271",
            "K_min": "20",
            "K_max": "4800",
            "K_opt": "2535.5",
            "MG_prum": "258.6",
            "MG_min": "14",
            "MG_max": "2140",
            "MG_opt": "1199.3",
            "P_prum": "71.6",
            "P_min": "3",
            "P_max": "2074",
            "P_opt": "1072.8"
        },
        {
            "Kultura": "TTP",
            "Druh_pudy": "D",
            "PH_prum": "5.4",
            "PH_min": "3.9",
            "PH_max": "7.9",
            "PH_opt": "6.65",
            "COX_prum": "2.1",
            "COX_min": "0.76",
            "COX_max": "4.31",
            "COX_opt": "3.205",
            "CA_prum": "2397.5",
            "CA_min": "116",
            "CA_max": "38500",
            "CA_opt": "20448.75",
            "K_prum": "271",
            "K_min": "20",
            "K_max": "4800",
            "K_opt": "2535.5",
            "MG_prum": "258.6",
            "MG_min": "14",
            "MG_max": "2140",
            "MG_opt": "1199.3",
            "P_prum": "71.6",
            "P_min": "3",
            "P_max": "2074",
            "P_opt": "1072.8"
        },
        {
            "Kultura": "TTP",
            "Druh_pudy": "E",
            "PH_prum": "5.4",
            "PH_min": "3.4",
            "PH_max": "8.4",
            "PH_opt": "6.9",
            "COX_prum": "2.1",
            "COX_min": "0.35",
            "COX_max": "4.31",
            "COX_opt": "3.205",
            "CA_prum": "2087.9",
            "CA_min": "78",
            "CA_max": "51400",
            "CA_opt": "26743.95",
            "K_prum": "262.9",
            "K_min": "20",
            "K_max": "4800",
            "K_opt": "2531.45",
            "MG_prum": "227.3",
            "MG_min": "10",
            "MG_max": "3100",
            "MG_opt": "1663.65",
            "P_prum": "79.6",
            "P_min": "3",
            "P_max": "2382",
            "P_opt": "1230.8"
        }
    ]
}